Rates_2_200_100_1mtt.log,3203.60
Rates_2_200_10_1mtt.log,3304.91
Rates_2_200_11_1mtt.log,3415.56
Rates_2_200_12_1mtt.log,3809.76
Rates_2_200_13_1mtt.log,4104.87
Rates_2_200_14_1mtt.log,4040.95
Rates_2_200_15_1mtt.log,3452.99
Rates_2_200_16_1mtt.log,3680.76
Rates_2_200_17_1mtt.log,2169.79
Rates_2_200_18_1mtt.log,3217.43
Rates_2_200_19_1mtt.log,3525.46
Rates_2_200_1_1mtt.log,3319.37
Rates_2_200_20_1mtt.log,3537.02
Rates_2_200_21_1mtt.log,3757.12
Rates_2_200_22_1mtt.log,4250.14
Rates_2_200_23_1mtt.log,4401.65
Rates_2_200_24_1mtt.log,3145.51
Rates_2_200_25_1mtt.log,3388.34
Rates_2_200_26_1mtt.log,4129.67
Rates_2_200_27_1mtt.log,1977.80
Rates_2_200_28_1mtt.log,2271.94
Rates_2_200_29_1mtt.log,2235.76
Rates_2_200_2_1mtt.log,3433.18
Rates_2_200_30_1mtt.log,2062.76
Rates_2_200_31_1mtt.log,2400.93
Rates_2_200_32_1mtt.log,2270.68
Rates_2_200_33_1mtt.log,3205.37
Rates_2_200_34_1mtt.log,3002.98
Rates_2_200_35_1mtt.log,2428.93
Rates_2_200_36_1mtt.log,2142.23
Rates_2_200_37_1mtt.log,2359.33
Rates_2_200_38_1mtt.log,2562.74
Rates_2_200_39_1mtt.log,2094.20
Rates_2_200_3_1mtt.log,2167.41
Rates_2_200_40_1mtt.log,2009.80
Rates_2_200_41_1mtt.log,2051.09
Rates_2_200_42_1mtt.log,2097.48
Rates_2_200_43_1mtt.log,2361.02
Rates_2_200_44_1mtt.log,2518.48
Rates_2_200_45_1mtt.log,2535.56
Rates_2_200_46_1mtt.log,2303.30
Rates_2_200_47_1mtt.log,2168.93
Rates_2_200_48_1mtt.log,2049.92
Rates_2_200_49_1mtt.log,2141.26
Rates_2_200_4_1mtt.log,2211.19
Rates_2_200_50_1mtt.log,2297.71
Rates_2_200_51_1mtt.log,2485.95
Rates_2_200_52_1mtt.log,3070.83
Rates_2_200_53_1mtt.log,3226.28
Rates_2_200_54_1mtt.log,3438.00
Rates_2_200_55_1mtt.log,2824.25
Rates_2_200_56_1mtt.log,2805.26
Rates_2_200_57_1mtt.log,3129.14
Rates_2_200_58_1mtt.log,3050.45
Rates_2_200_59_1mtt.log,3316.12
Rates_2_200_5_1mtt.log,2089.78
Rates_2_200_60_1mtt.log,2305.15
Rates_2_200_61_1mtt.log,2133.55
Rates_2_200_62_1mtt.log,2214.30
Rates_2_200_63_1mtt.log,2550.51
Rates_2_200_64_1mtt.log,3014.06
Rates_2_200_65_1mtt.log,2633.81
Rates_2_200_66_1mtt.log,1962.42
Rates_2_200_67_1mtt.log,2792.97
Rates_2_200_68_1mtt.log,2259.55
Rates_2_200_69_1mtt.log,2186.86
Rates_2_200_6_1mtt.log,2030.67
Rates_2_200_72_1mtt.log,2515.54
Rates_2_200_73_1mtt.log,2205.13
Rates_2_200_74_1mtt.log,2573.63
Rates_2_200_75_1mtt.log,2530.97
Rates_2_200_76_1mtt.log,2797.83
Rates_2_200_77_1mtt.log,2149.79
Rates_2_200_78_1mtt.log,2348.71
Rates_2_200_79_1mtt.log,1952.48
Rates_2_200_7_1mtt.log,2133.96
Rates_2_200_80_1mtt.log,2083.83
Rates_2_200_81_1mtt.log,2331.75
Rates_2_200_82_1mtt.log,2204.81
Rates_2_200_83_1mtt.log,2024.60
Rates_2_200_84_1mtt.log,2241.85
Rates_2_200_85_1mtt.log,2317.10
Rates_2_200_86_1mtt.log,2136.42
Rates_2_200_87_1mtt.log,2078.39
Rates_2_200_88_1mtt.log,2063.68
Rates_2_200_89_1mtt.log,2074.47
Rates_2_200_8_1mtt.log,2417.77
Rates_2_200_90_1mtt.log,2814.76
Rates_2_200_91_1mtt.log,2701.44
Rates_2_200_92_1mtt.log,2203.31
Rates_2_200_93_1mtt.log,2067.42
Rates_2_200_94_1mtt.log,2196.24
Rates_2_200_95_1mtt.log,2669.01
Rates_2_200_96_1mtt.log,2084.73
Rates_2_200_97_1mtt.log,2188.02
Rates_2_200_98_1mtt.log,2039.83
Rates_2_200_99_1mtt.log,2140.41
Rates_2_200_9_1mtt.log,2024.41
Rates_2_300_100_1mtt.log,3885.75
Rates_2_300_10_1mtt.log,3256.41
Rates_2_300_11_1mtt.log,3260.21
Rates_2_300_12_1mtt.log,3665.65
Rates_2_300_13_1mtt.log,3618.41
Rates_2_300_14_1mtt.log,3729.46
Rates_2_300_15_1mtt.log,3265.27
Rates_2_300_16_1mtt.log,3245.32
Rates_2_300_17_1mtt.log,3286.55
Rates_2_300_18_1mtt.log,3453.77
Rates_2_300_19_1mtt.log,3136.33
Rates_2_300_1_1mtt.log,2940.92
Rates_2_300_20_1mtt.log,3028.76
Rates_2_300_21_1mtt.log,3370.40
Rates_2_300_22_1mtt.log,4035.64
Rates_2_300_23_1mtt.log,3260.60
Rates_2_300_24_1mtt.log,3070.43
Rates_2_300_25_1mtt.log,3963.71
Rates_2_300_26_1mtt.log,3891.06
Rates_2_300_27_1mtt.log,3355.39
Rates_2_300_28_1mtt.log,3827.22
Rates_2_300_29_1mtt.log,3765.69
Rates_2_300_2_1mtt.log,2936.57
Rates_2_300_30_1mtt.log,3004.19
Rates_2_300_31_1mtt.log,3881.46
Rates_2_300_32_1mtt.log,4226.07
Rates_2_300_33_1mtt.log,3056.66
Rates_2_300_34_1mtt.log,3389.98
Rates_2_300_35_1mtt.log,3302.48
Rates_2_300_36_1mtt.log,4514.44
Rates_2_300_37_1mtt.log,3566.88
Rates_2_300_38_1mtt.log,3446.41
Rates_2_300_39_1mtt.log,3020.88
Rates_2_300_3_1mtt.log,3787.94
Rates_2_300_40_1mtt.log,3104.97
Rates_2_300_41_1mtt.log,3430.62
Rates_2_300_42_1mtt.log,3234.44
Rates_2_300_43_1mtt.log,3075.13
Rates_2_300_44_1mtt.log,3138.71
Rates_2_300_45_1mtt.log,3154.15
Rates_2_300_46_1mtt.log,3154.84
Rates_2_300_47_1mtt.log,2812.75
Rates_2_300_48_1mtt.log,3153.08
Rates_2_300_49_1mtt.log,4099.71
Rates_2_300_4_1mtt.log,3342.38
Rates_2_300_50_1mtt.log,3982.27
Rates_2_300_51_1mtt.log,3196.55
Rates_2_300_52_1mtt.log,3098.34
Rates_2_300_53_1mtt.log,3218.27
Rates_2_300_54_1mtt.log,3225.27
Rates_2_300_55_1mtt.log,3301.11
Rates_2_300_56_1mtt.log,3567.07
Rates_2_300_57_1mtt.log,3069.67
Rates_2_300_58_1mtt.log,4162.76
Rates_2_300_59_1mtt.log,3090.55
Rates_2_300_5_1mtt.log,3419.57
Rates_2_300_60_1mtt.log,4007.71
Rates_2_300_61_1mtt.log,2936.29
Rates_2_300_62_1mtt.log,5162.19
Rates_2_300_63_1mtt.log,2879.28
Rates_2_300_64_1mtt.log,3742.54
Rates_2_300_65_1mtt.log,4266.47
Rates_2_300_66_1mtt.log,3140.84
Rates_2_300_67_1mtt.log,2953.47
Rates_2_300_68_1mtt.log,3836.91
Rates_2_300_69_1mtt.log,3537.94
Rates_2_300_6_1mtt.log,3327.64
Rates_2_300_70_1mtt.log,3885.64
Rates_2_300_71_1mtt.log,3779.03
Rates_2_300_72_1mtt.log,2924.16
Rates_2_300_73_1mtt.log,3521.01
Rates_2_300_74_1mtt.log,3605.44
Rates_2_300_75_1mtt.log,3116.73
Rates_2_300_76_1mtt.log,3172.35
Rates_2_300_77_1mtt.log,4229.64
Rates_2_300_78_1mtt.log,3024.59
Rates_2_300_79_1mtt.log,3328.70
Rates_2_300_7_1mtt.log,3568.28
Rates_2_300_80_1mtt.log,3380.05
Rates_2_300_81_1mtt.log,3234.55
Rates_2_300_82_1mtt.log,3940.39
Rates_2_300_83_1mtt.log,3345.95
Rates_2_300_84_1mtt.log,4142.83
Rates_2_300_85_1mtt.log,4639.59
Rates_2_300_86_1mtt.log,3108.51
Rates_2_300_87_1mtt.log,3893.63
Rates_2_300_88_1mtt.log,3120.00
Rates_2_300_89_1mtt.log,3307.69
Rates_2_300_8_1mtt.log,4292.63
Rates_2_300_90_1mtt.log,3693.52
Rates_2_300_91_1mtt.log,2990.24
Rates_2_300_92_1mtt.log,3205.96
Rates_2_300_93_1mtt.log,4341.31
Rates_2_300_94_1mtt.log,3378.02
Rates_2_300_95_1mtt.log,3106.30
Rates_2_300_96_1mtt.log,3284.22
Rates_2_300_97_1mtt.log,3194.08
Rates_2_300_98_1mtt.log,3471.41
Rates_2_300_99_1mtt.log,3384.30
Rates_2_300_9_1mtt.log,3195.19
Rates_2_400_100_1mtt.log,4153.35
Rates_2_400_10_1mtt.log,4664.93
Rates_2_400_11_1mtt.log,4484.06
Rates_2_400_12_1mtt.log,4662.32
Rates_2_400_13_1mtt.log,4701.59
Rates_2_400_14_1mtt.log,3815.60
Rates_2_400_15_1mtt.log,4530.83
Rates_2_400_16_1mtt.log,4799.64
Rates_2_400_17_1mtt.log,3601.55
Rates_2_400_18_1mtt.log,6169.30
Rates_2_400_19_1mtt.log,5242.48
Rates_2_400_1_1mtt.log,3842.77
Rates_2_400_20_1mtt.log,4465.04
Rates_2_400_21_1mtt.log,4418.50
Rates_2_400_22_1mtt.log,4285.83
Rates_2_400_23_1mtt.log,4943.93
Rates_2_400_24_1mtt.log,4231.31
Rates_2_400_25_1mtt.log,4070.17
Rates_2_400_26_1mtt.log,4150.24
Rates_2_400_27_1mtt.log,4636.58
Rates_2_400_28_1mtt.log,4215.42
Rates_2_400_29_1mtt.log,4153.37
Rates_2_400_2_1mtt.log,4426.33
Rates_2_400_30_1mtt.log,4376.40
Rates_2_400_31_1mtt.log,5283.65
Rates_2_400_32_1mtt.log,4617.33
Rates_2_400_33_1mtt.log,3897.84
Rates_2_400_34_1mtt.log,4101.77
Rates_2_400_35_1mtt.log,5069.24
Rates_2_400_36_1mtt.log,4651.07
Rates_2_400_37_1mtt.log,3761.73
Rates_2_400_38_1mtt.log,4018.61
Rates_2_400_39_1mtt.log,4603.60
Rates_2_400_3_1mtt.log,4748.01
Rates_2_400_40_1mtt.log,4066.63
Rates_2_400_41_1mtt.log,3744.62
Rates_2_400_42_1mtt.log,4371.36
Rates_2_400_43_1mtt.log,5500.17
Rates_2_400_44_1mtt.log,4044.17
Rates_2_400_45_1mtt.log,3919.26
Rates_2_400_46_1mtt.log,4206.67
Rates_2_400_47_1mtt.log,5217.34
Rates_2_400_48_1mtt.log,4672.47
Rates_2_400_49_1mtt.log,4537.15
Rates_2_400_4_1mtt.log,4238.18
Rates_2_400_50_1mtt.log,4830.54
Rates_2_400_51_1mtt.log,4938.20
Rates_2_400_52_1mtt.log,4064.76
Rates_2_400_53_1mtt.log,4159.29
Rates_2_400_54_1mtt.log,4447.83
Rates_2_400_55_1mtt.log,4564.19
Rates_2_400_56_1mtt.log,4570.00
Rates_2_400_57_1mtt.log,4699.92
Rates_2_400_58_1mtt.log,4030.30
Rates_2_400_59_1mtt.log,4191.73
Rates_2_400_5_1mtt.log,4443.92
Rates_2_400_60_1mtt.log,4007.54
Rates_2_400_61_1mtt.log,4122.86
Rates_2_400_62_1mtt.log,4199.91
Rates_2_400_63_1mtt.log,4256.50
Rates_2_400_64_1mtt.log,4874.78
Rates_2_400_65_1mtt.log,5137.51
Rates_2_400_66_1mtt.log,4417.01
Rates_2_400_67_1mtt.log,4893.32
Rates_2_400_68_1mtt.log,7216.03
Rates_2_400_6_1mtt.log,4213.54
Rates_2_400_70_1mtt.log,5317.60
Rates_2_400_71_1mtt.log,4141.97
Rates_2_400_72_1mtt.log,4143.59
Rates_2_400_73_1mtt.log,4748.14
Rates_2_400_74_1mtt.log,4581.25
Rates_2_400_75_1mtt.log,4207.19
Rates_2_400_76_1mtt.log,6416.14
Rates_2_400_77_1mtt.log,5396.03
Rates_2_400_78_1mtt.log,5758.33
Rates_2_400_79_1mtt.log,4134.05
Rates_2_400_7_1mtt.log,3913.88
Rates_2_400_80_1mtt.log,4730.78
Rates_2_400_81_1mtt.log,5352.35
Rates_2_400_82_1mtt.log,5746.89
Rates_2_400_83_1mtt.log,5007.98
Rates_2_400_84_1mtt.log,4281.28
Rates_2_400_85_1mtt.log,5062.01
Rates_2_400_86_1mtt.log,4328.84
Rates_2_400_87_1mtt.log,4754.83
Rates_2_400_88_1mtt.log,4505.61
Rates_2_400_89_1mtt.log,4473.46
Rates_2_400_8_1mtt.log,4277.38
Rates_2_400_90_1mtt.log,4256.04
Rates_2_400_91_1mtt.log,4259.56
Rates_2_400_92_1mtt.log,4674.31
Rates_2_400_93_1mtt.log,4083.39
Rates_2_400_94_1mtt.log,5941.36
Rates_2_400_95_1mtt.log,4000.39
Rates_2_400_96_1mtt.log,4080.75
Rates_2_400_97_1mtt.log,4255.57
Rates_2_400_98_1mtt.log,6755.10
Rates_2_400_99_1mtt.log,5128.44
Rates_2_400_9_1mtt.log,4522.54
Rates_4_200_100_1mtt.log,4395.99
Rates_4_200_10_1mtt.log,4672.73
Rates_4_200_11_1mtt.log,4478.29
Rates_4_200_12_1mtt.log,4809.65
Rates_4_200_13_1mtt.log,5743.43
Rates_4_200_14_1mtt.log,5579.21
Rates_4_200_15_1mtt.log,5752.68
Rates_4_200_16_1mtt.log,4390.26
Rates_4_200_17_1mtt.log,3915.35
Rates_4_200_18_1mtt.log,3609.53
Rates_4_200_19_1mtt.log,6332.31
Rates_4_200_1_1mtt.log,5198.34
Rates_4_200_20_1mtt.log,4006.73
Rates_4_200_21_1mtt.log,3835.19
Rates_4_200_22_1mtt.log,4787.61
Rates_4_200_23_1mtt.log,5291.52
Rates_4_200_24_1mtt.log,5507.66
Rates_4_200_25_1mtt.log,5579.36
Rates_4_200_26_1mtt.log,6387.52
Rates_4_200_27_1mtt.log,4120.85
Rates_4_200_28_1mtt.log,4664.63
Rates_4_200_29_1mtt.log,7114.86
Rates_4_200_2_1mtt.log,4079.63
Rates_4_200_30_1mtt.log,6111.02
Rates_4_200_31_1mtt.log,6227.19
Rates_4_200_32_1mtt.log,4552.30
Rates_4_200_33_1mtt.log,6819.01
Rates_4_200_34_1mtt.log,4268.95
Rates_4_200_35_1mtt.log,4359.16
Rates_4_200_36_1mtt.log,3252.86
Rates_4_200_37_1mtt.log,3302.60
Rates_4_200_38_1mtt.log,4290.54
Rates_4_200_39_1mtt.log,4371.13
Rates_4_200_3_1mtt.log,5540.90
Rates_4_200_40_1mtt.log,7899.96
Rates_4_200_41_1mtt.log,3091.18
Rates_4_200_42_1mtt.log,4232.12
Rates_4_200_43_1mtt.log,4431.19
Rates_4_200_44_1mtt.log,4207.32
Rates_4_200_45_1mtt.log,4736.84
Rates_4_200_46_1mtt.log,5633.30
Rates_4_200_47_1mtt.log,5947.19
Rates_4_200_48_1mtt.log,3484.52
Rates_4_200_49_1mtt.log,6245.37
Rates_4_200_4_1mtt.log,4598.61
Rates_4_200_50_1mtt.log,6225.00
Rates_4_200_51_1mtt.log,4928.11
Rates_4_200_52_1mtt.log,3042.79
Rates_4_200_53_1mtt.log,4085.89
Rates_4_200_54_1mtt.log,3330.38
Rates_4_200_55_1mtt.log,4776.08
Rates_4_200_56_1mtt.log,6839.06
Rates_4_200_57_1mtt.log,5853.52
Rates_4_200_58_1mtt.log,6388.87
Rates_4_200_59_1mtt.log,4375.60
Rates_4_200_5_1mtt.log,7393.43
Rates_4_200_60_1mtt.log,5108.27
Rates_4_200_61_1mtt.log,8566.45
Rates_4_200_62_1mtt.log,5448.25
Rates_4_200_63_1mtt.log,5779.56
Rates_4_200_64_1mtt.log,6778.64
Rates_4_200_65_1mtt.log,5631.35
Rates_4_200_66_1mtt.log,5664.92
Rates_4_200_67_1mtt.log,6592.14
Rates_4_200_68_1mtt.log,5640.08
Rates_4_200_69_1mtt.log,5802.78
Rates_4_200_6_1mtt.log,6332.24
Rates_4_200_70_1mtt.log,6083.50
Rates_4_200_71_1mtt.log,6545.53
Rates_4_200_72_1mtt.log,6935.70
Rates_4_200_73_1mtt.log,5671.68
Rates_4_200_74_1mtt.log,6179.78
Rates_4_200_75_1mtt.log,5489.48
Rates_4_200_76_1mtt.log,5114.67
Rates_4_200_77_1mtt.log,5593.58
Rates_4_200_78_1mtt.log,7536.54
Rates_4_200_79_1mtt.log,5932.61
Rates_4_200_7_1mtt.log,4486.56
Rates_4_200_80_1mtt.log,6156.85
Rates_4_200_81_1mtt.log,6684.29
Rates_4_200_82_1mtt.log,6779.14
Rates_4_200_83_1mtt.log,4683.05
Rates_4_200_84_1mtt.log,6865.31
Rates_4_200_85_1mtt.log,7956.31
Rates_4_200_86_1mtt.log,6403.02
Rates_4_200_87_1mtt.log,5645.20
Rates_4_200_88_1mtt.log,4573.42
Rates_4_200_89_1mtt.log,6490.03
Rates_4_200_8_1mtt.log,3646.48
Rates_4_200_90_1mtt.log,5191.16
Rates_4_200_91_1mtt.log,5860.48
Rates_4_200_92_1mtt.log,5965.59
Rates_4_200_93_1mtt.log,4671.34
Rates_4_200_94_1mtt.log,3745.55
Rates_4_200_95_1mtt.log,3486.33
Rates_4_200_96_1mtt.log,4442.04
Rates_4_200_97_1mtt.log,6315.04
Rates_4_200_98_1mtt.log,4743.21
Rates_4_200_99_1mtt.log,7178.51
Rates_4_200_9_1mtt.log,4373.37
Rates_4_300_100_1mtt.log,8324.45
Rates_4_300_10_1mtt.log,8444.53
Rates_4_300_11_1mtt.log,5895.99
Rates_4_300_12_1mtt.log,7309.27
Rates_4_300_13_1mtt.log,10526.81
Rates_4_300_14_1mtt.log,14471.38
Rates_4_300_15_1mtt.log,6220.65
Rates_4_300_16_1mtt.log,4893.24
Rates_4_300_17_1mtt.log,9622.63
Rates_4_300_18_1mtt.log,7578.46
Rates_4_300_19_1mtt.log,5148.63
Rates_4_300_1_1mtt.log,6035.90
Rates_4_300_20_1mtt.log,11499.41
Rates_4_300_21_1mtt.log,9138.89
Rates_4_300_22_1mtt.log,4450.91
Rates_4_300_23_1mtt.log,4825.95
Rates_4_300_24_1mtt.log,5193.22
Rates_4_300_25_1mtt.log,5371.02
Rates_4_300_26_1mtt.log,5664.73
Rates_4_300_27_1mtt.log,6680.42
Rates_4_300_28_1mtt.log,6118.33
Rates_4_300_29_1mtt.log,5119.06
Rates_4_300_2_1mtt.log,5475.58
Rates_4_300_30_1mtt.log,4520.87
Rates_4_300_31_1mtt.log,5461.69
Rates_4_300_32_1mtt.log,5809.55
Rates_4_300_33_1mtt.log,5280.82
Rates_4_300_34_1mtt.log,5355.53
Rates_4_300_35_1mtt.log,5287.64
Rates_4_300_36_1mtt.log,5892.38
Rates_4_300_37_1mtt.log,6937.97
Rates_4_300_38_1mtt.log,5285.93
Rates_4_300_39_1mtt.log,5648.30
Rates_4_300_3_1mtt.log,4866.08
Rates_4_300_40_1mtt.log,5925.61
Rates_4_300_41_1mtt.log,5438.42
Rates_4_300_42_1mtt.log,9959.08
Rates_4_300_43_1mtt.log,7778.68
Rates_4_300_44_1mtt.log,6232.82
Rates_4_300_45_1mtt.log,5437.98
Rates_4_300_46_1mtt.log,7233.78
Rates_4_300_47_1mtt.log,5247.39
Rates_4_300_48_1mtt.log,4340.65
Rates_4_300_49_1mtt.log,7855.64
Rates_4_300_4_1mtt.log,6379.71
Rates_4_300_50_1mtt.log,4576.71
Rates_4_300_51_1mtt.log,7889.04
Rates_4_300_52_1mtt.log,4505.48
Rates_4_300_53_1mtt.log,6303.08
Rates_4_300_54_1mtt.log,9225.99
Rates_4_300_55_1mtt.log,5973.29
Rates_4_300_56_1mtt.log,8102.15
Rates_4_300_57_1mtt.log,4557.75
Rates_4_300_58_1mtt.log,8806.02
Rates_4_300_59_1mtt.log,6820.75
Rates_4_300_5_1mtt.log,7721.65
Rates_4_300_60_1mtt.log,10388.50
Rates_4_300_61_1mtt.log,5217.18
Rates_4_300_62_1mtt.log,5333.26
Rates_4_300_63_1mtt.log,5840.93
Rates_4_300_64_1mtt.log,4789.72
Rates_4_300_65_1mtt.log,5179.69
Rates_4_300_66_1mtt.log,4993.28
Rates_4_300_67_1mtt.log,5305.93
Rates_4_300_68_1mtt.log,6677.21
Rates_4_300_69_1mtt.log,6989.31
Rates_4_300_6_1mtt.log,5016.21
Rates_4_300_70_1mtt.log,5418.82
Rates_4_300_71_1mtt.log,4576.16
Rates_4_300_72_1mtt.log,7095.22
Rates_4_300_73_1mtt.log,5015.24
Rates_4_300_74_1mtt.log,4421.42
Rates_4_300_75_1mtt.log,5313.11
Rates_4_300_76_1mtt.log,7866.82
Rates_4_300_77_1mtt.log,5472.05
Rates_4_300_78_1mtt.log,6063.86
Rates_4_300_79_1mtt.log,5400.73
Rates_4_300_7_1mtt.log,4420.74
Rates_4_300_80_1mtt.log,5329.60
Rates_4_300_81_1mtt.log,4616.71
Rates_4_300_82_1mtt.log,5658.47
Rates_4_300_83_1mtt.log,5126.17
Rates_4_300_84_1mtt.log,5855.08
Rates_4_300_85_1mtt.log,4422.43
Rates_4_300_86_1mtt.log,4705.08
Rates_4_300_87_1mtt.log,5560.48
Rates_4_300_88_1mtt.log,6351.10
Rates_4_300_89_1mtt.log,8112.42
Rates_4_300_8_1mtt.log,3945.10
Rates_4_300_90_1mtt.log,4816.95
Rates_4_300_91_1mtt.log,9361.47
Rates_4_300_92_1mtt.log,5505.34
Rates_4_300_93_1mtt.log,5813.00
Rates_4_300_94_1mtt.log,5197.76
Rates_4_300_95_1mtt.log,4641.32
Rates_4_300_96_1mtt.log,4942.32
Rates_4_300_97_1mtt.log,6776.56
Rates_4_300_98_1mtt.log,8146.33
Rates_4_300_99_1mtt.log,5804.29
Rates_4_300_9_1mtt.log,5185.27
Rates_4_400_100_1mtt.log,7492.22
Rates_4_400_10_1mtt.log,7174.46
Rates_4_400_11_1mtt.log,5998.09
Rates_4_400_12_1mtt.log,5607.08
Rates_4_400_13_1mtt.log,6204.78
Rates_4_400_14_1mtt.log,6999.08
Rates_4_400_15_1mtt.log,7109.42
Rates_4_400_16_1mtt.log,7952.82
Rates_4_400_17_1mtt.log,5930.33
Rates_4_400_18_1mtt.log,7462.99
Rates_4_400_19_1mtt.log,6366.67
Rates_4_400_1_1mtt.log,5562.47
Rates_4_400_20_1mtt.log,6959.13
Rates_4_400_21_1mtt.log,5825.16
Rates_4_400_22_1mtt.log,7390.86
Rates_4_400_23_1mtt.log,5694.27
Rates_4_400_24_1mtt.log,6821.00
Rates_4_400_25_1mtt.log,7655.58
Rates_4_400_26_1mtt.log,6738.02
Rates_4_400_27_1mtt.log,6260.87
Rates_4_400_28_1mtt.log,7252.20
Rates_4_400_29_1mtt.log,8290.11
Rates_4_400_2_1mtt.log,7167.89
Rates_4_400_30_1mtt.log,8197.43
Rates_4_400_31_1mtt.log,6462.72
Rates_4_400_32_1mtt.log,8174.99
Rates_4_400_33_1mtt.log,6843.39
Rates_4_400_34_1mtt.log,8533.48
Rates_4_400_35_1mtt.log,5577.43
Rates_4_400_36_1mtt.log,7532.13
Rates_4_400_37_1mtt.log,5614.86
Rates_4_400_38_1mtt.log,6838.50
Rates_4_400_39_1mtt.log,10071.89
Rates_4_400_3_1mtt.log,6429.52
Rates_4_400_40_1mtt.log,5801.27
Rates_4_400_41_1mtt.log,8598.85
Rates_4_400_42_1mtt.log,5747.88
Rates_4_400_43_1mtt.log,6820.43
Rates_4_400_44_1mtt.log,7306.26
Rates_4_400_45_1mtt.log,7485.17
Rates_4_400_46_1mtt.log,7262.83
Rates_4_400_47_1mtt.log,5708.14
Rates_4_400_48_1mtt.log,6259.17
Rates_4_400_49_1mtt.log,9288.08
Rates_4_400_4_1mtt.log,6135.34
Rates_4_400_50_1mtt.log,8243.77
Rates_4_400_51_1mtt.log,6604.79
Rates_4_400_52_1mtt.log,9218.07
Rates_4_400_53_1mtt.log,5034.16
Rates_4_400_54_1mtt.log,8041.36
Rates_4_400_55_1mtt.log,6414.31
Rates_4_400_56_1mtt.log,8519.89
Rates_4_400_57_1mtt.log,6965.08
Rates_4_400_58_1mtt.log,10886.99
Rates_4_400_59_1mtt.log,7923.13
Rates_4_400_5_1mtt.log,7138.54
Rates_4_400_60_1mtt.log,8668.77
Rates_4_400_61_1mtt.log,5256.23
Rates_4_400_62_1mtt.log,7151.31
Rates_4_400_63_1mtt.log,12096.22
Rates_4_400_64_1mtt.log,9158.43
Rates_4_400_65_1mtt.log,5504.85
Rates_4_400_66_1mtt.log,7002.56
Rates_4_400_67_1mtt.log,7506.83
Rates_4_400_68_1mtt.log,9120.40
Rates_4_400_69_1mtt.log,7506.97
Rates_4_400_6_1mtt.log,9513.94
Rates_4_400_70_1mtt.log,7004.52
Rates_4_400_71_1mtt.log,9580.41
Rates_4_400_72_1mtt.log,8208.84
Rates_4_400_73_1mtt.log,6419.69
Rates_4_400_74_1mtt.log,6733.71
Rates_4_400_75_1mtt.log,7237.09
Rates_4_400_76_1mtt.log,7921.51
Rates_4_400_77_1mtt.log,5780.75
Rates_4_400_78_1mtt.log,7592.31
Rates_4_400_79_1mtt.log,5401.71
Rates_4_400_7_1mtt.log,10282.50
Rates_4_400_80_1mtt.log,7343.14
Rates_4_400_81_1mtt.log,6672.79
Rates_4_400_82_1mtt.log,5556.90
Rates_4_400_83_1mtt.log,7408.31
Rates_4_400_84_1mtt.log,5972.12
Rates_4_400_85_1mtt.log,6301.28
Rates_4_400_86_1mtt.log,6248.61
Rates_4_400_87_1mtt.log,7345.22
Rates_4_400_88_1mtt.log,8153.47
Rates_4_400_89_1mtt.log,6309.12
Rates_4_400_8_1mtt.log,7224.18
Rates_4_400_90_1mtt.log,6046.23
Rates_4_400_91_1mtt.log,7684.42
Rates_4_400_92_1mtt.log,7845.83
Rates_4_400_93_1mtt.log,6848.33
Rates_4_400_94_1mtt.log,9029.49
Rates_4_400_95_1mtt.log,6417.55
Rates_4_400_96_1mtt.log,7137.71
Rates_4_400_97_1mtt.log,7319.98
Rates_4_400_98_1mtt.log,7758.86
Rates_4_400_99_1mtt.log,7296.51
Rates_4_400_9_1mtt.log,6748.96
Rates_6_200_100_1mtt.log,6068.06
Rates_6_200_10_1mtt.log,8685.43
Rates_6_200_11_1mtt.log,6954.12
Rates_6_200_12_1mtt.log,9550.73
Rates_6_200_13_1mtt.log,6235.50
Rates_6_200_14_1mtt.log,6261.28
Rates_6_200_15_1mtt.log,7898.46
Rates_6_200_16_1mtt.log,6811.67
Rates_6_200_17_1mtt.log,5964.14
Rates_6_200_18_1mtt.log,7251.73
Rates_6_200_19_1mtt.log,7664.56
Rates_6_200_1_1mtt.log,7718.41
Rates_6_200_20_1mtt.log,6073.01
Rates_6_200_21_1mtt.log,7603.04
Rates_6_200_22_1mtt.log,7499.00
Rates_6_200_23_1mtt.log,7938.13
Rates_6_200_24_1mtt.log,9400.86
Rates_6_200_25_1mtt.log,6118.40
Rates_6_200_26_1mtt.log,6490.56
Rates_6_200_27_1mtt.log,7645.58
Rates_6_200_28_1mtt.log,8223.19
Rates_6_200_29_1mtt.log,8852.89
Rates_6_200_2_1mtt.log,5348.52
Rates_6_200_30_1mtt.log,11542.74
Rates_6_200_31_1mtt.log,9085.54
Rates_6_200_32_1mtt.log,7336.44
Rates_6_200_33_1mtt.log,8219.22
Rates_6_200_34_1mtt.log,6246.74
Rates_6_200_35_1mtt.log,5921.73
Rates_6_200_36_1mtt.log,5861.80
Rates_6_200_37_1mtt.log,5654.54
Rates_6_200_38_1mtt.log,6889.37
Rates_6_200_39_1mtt.log,6607.79
Rates_6_200_3_1mtt.log,7337.54
Rates_6_200_40_1mtt.log,7076.02
Rates_6_200_41_1mtt.log,7158.56
Rates_6_200_42_1mtt.log,7091.05
Rates_6_200_43_1mtt.log,9507.95
Rates_6_200_44_1mtt.log,7017.81
Rates_6_200_45_1mtt.log,5444.43
Rates_6_200_46_1mtt.log,6681.47
Rates_6_200_47_1mtt.log,8379.50
Rates_6_200_48_1mtt.log,7289.89
Rates_6_200_49_1mtt.log,7181.55
Rates_6_200_4_1mtt.log,8640.02
Rates_6_200_50_1mtt.log,6546.09
Rates_6_200_51_1mtt.log,8659.87
Rates_6_200_52_1mtt.log,8387.91
Rates_6_200_53_1mtt.log,4680.10
Rates_6_200_54_1mtt.log,8216.24
Rates_6_200_55_1mtt.log,7587.81
Rates_6_200_56_1mtt.log,6270.35
Rates_6_200_57_1mtt.log,8921.76
Rates_6_200_58_1mtt.log,8082.41
Rates_6_200_59_1mtt.log,7403.80
Rates_6_200_5_1mtt.log,6963.32
Rates_6_200_60_1mtt.log,6597.10
Rates_6_200_61_1mtt.log,7712.97
Rates_6_200_62_1mtt.log,6647.67
Rates_6_200_63_1mtt.log,7543.14
Rates_6_200_64_1mtt.log,7797.50
Rates_6_200_65_1mtt.log,7208.35
Rates_6_200_66_1mtt.log,5403.53
Rates_6_200_67_1mtt.log,7901.58
Rates_6_200_68_1mtt.log,7719.43
Rates_6_200_69_1mtt.log,6242.10
Rates_6_200_6_1mtt.log,6360.40
Rates_6_200_70_1mtt.log,6364.32
Rates_6_200_71_1mtt.log,5938.00
Rates_6_200_72_1mtt.log,6072.34
Rates_6_200_73_1mtt.log,8036.15
Rates_6_200_74_1mtt.log,7390.14
Rates_6_200_75_1mtt.log,8137.17
Rates_6_200_76_1mtt.log,8701.53
Rates_6_200_77_1mtt.log,6770.31
Rates_6_200_78_1mtt.log,6730.53
Rates_6_200_79_1mtt.log,6320.86
Rates_6_200_7_1mtt.log,5796.57
Rates_6_200_80_1mtt.log,7163.07
Rates_6_200_81_1mtt.log,8231.96
Rates_6_200_82_1mtt.log,6806.59
Rates_6_200_83_1mtt.log,6898.09
Rates_6_200_84_1mtt.log,6241.48
Rates_6_200_85_1mtt.log,9076.92
Rates_6_200_86_1mtt.log,7898.80
Rates_6_200_87_1mtt.log,6973.04
Rates_6_200_88_1mtt.log,9357.85
Rates_6_200_89_1mtt.log,7412.97
Rates_6_200_8_1mtt.log,5751.03
Rates_6_200_90_1mtt.log,8431.17
Rates_6_200_91_1mtt.log,5900.94
Rates_6_200_92_1mtt.log,7717.77
Rates_6_200_93_1mtt.log,6811.91
Rates_6_200_94_1mtt.log,6057.71
Rates_6_200_95_1mtt.log,7867.04
Rates_6_200_96_1mtt.log,6679.50
Rates_6_200_97_1mtt.log,6837.03
Rates_6_200_98_1mtt.log,5019.00
Rates_6_200_99_1mtt.log,5253.33
Rates_6_200_9_1mtt.log,7918.52
Rates_6_300_100_1mtt.log,9654.47
Rates_6_300_10_1mtt.log,8349.35
Rates_6_300_11_1mtt.log,9846.81
Rates_6_300_12_1mtt.log,8164.82
Rates_6_300_13_1mtt.log,9092.79
Rates_6_300_14_1mtt.log,9301.22
Rates_6_300_15_1mtt.log,11215.57
Rates_6_300_16_1mtt.log,8441.70
Rates_6_300_17_1mtt.log,12705.24
Rates_6_300_18_1mtt.log,10511.30
Rates_6_300_19_1mtt.log,7985.13
Rates_6_300_1_1mtt.log,11579.41
Rates_6_300_20_1mtt.log,8277.46
Rates_6_300_21_1mtt.log,9635.88
Rates_6_300_22_1mtt.log,12615.81
Rates_6_300_23_1mtt.log,9860.56
Rates_6_300_24_1mtt.log,7791.64
Rates_6_300_25_1mtt.log,9619.57
Rates_6_300_26_1mtt.log,13789.25
Rates_6_300_27_1mtt.log,9107.35
Rates_6_300_28_1mtt.log,11193.65
Rates_6_300_29_1mtt.log,12789.40
Rates_6_300_2_1mtt.log,9857.98
Rates_6_300_30_1mtt.log,8044.08
Rates_6_300_31_1mtt.log,10384.45
Rates_6_300_32_1mtt.log,14969.84
Rates_6_300_33_1mtt.log,14593.86
Rates_6_300_34_1mtt.log,11018.31
Rates_6_300_35_1mtt.log,10103.19
Rates_6_300_36_1mtt.log,9525.97
Rates_6_300_37_1mtt.log,10660.25
Rates_6_300_38_1mtt.log,9266.91
Rates_6_300_39_1mtt.log,8088.85
Rates_6_300_3_1mtt.log,8829.22
Rates_6_300_40_1mtt.log,12282.65
Rates_6_300_41_1mtt.log,8536.66
Rates_6_300_42_1mtt.log,10004.92
Rates_6_300_43_1mtt.log,8242.86
Rates_6_300_44_1mtt.log,7242.25
Rates_6_300_45_1mtt.log,11236.52
Rates_6_300_46_1mtt.log,9981.33
Rates_6_300_47_1mtt.log,8627.15
Rates_6_300_48_1mtt.log,7827.14
Rates_6_300_49_1mtt.log,12322.28
Rates_6_300_4_1mtt.log,10955.65
Rates_6_300_50_1mtt.log,9027.85
Rates_6_300_51_1mtt.log,10163.54
Rates_6_300_52_1mtt.log,7559.73
Rates_6_300_53_1mtt.log,11263.71
Rates_6_300_54_1mtt.log,11166.41
Rates_6_300_55_1mtt.log,9939.77
Rates_6_300_56_1mtt.log,10340.81
Rates_6_300_57_1mtt.log,7442.70
Rates_6_300_58_1mtt.log,9778.87
Rates_6_300_59_1mtt.log,11231.46
Rates_6_300_5_1mtt.log,9951.73
Rates_6_300_60_1mtt.log,8747.99
Rates_6_300_61_1mtt.log,10905.99
Rates_6_300_62_1mtt.log,8452.65
Rates_6_300_63_1mtt.log,7713.47
Rates_6_300_64_1mtt.log,8617.88
Rates_6_300_65_1mtt.log,7979.48
Rates_6_300_66_1mtt.log,11759.52
Rates_6_300_67_1mtt.log,7482.31
Rates_6_300_68_1mtt.log,9585.89
Rates_6_300_69_1mtt.log,9293.11
Rates_6_300_6_1mtt.log,11342.69
Rates_6_300_70_1mtt.log,7702.12
Rates_6_300_71_1mtt.log,10096.73
Rates_6_300_72_1mtt.log,10057.74
Rates_6_300_73_1mtt.log,9383.10
Rates_6_300_74_1mtt.log,8547.31
Rates_6_300_75_1mtt.log,7994.90
Rates_6_300_76_1mtt.log,9282.68
Rates_6_300_77_1mtt.log,12319.05
Rates_6_300_78_1mtt.log,11707.12
Rates_6_300_79_1mtt.log,9403.16
Rates_6_300_7_1mtt.log,9129.23
Rates_6_300_80_1mtt.log,10286.73
Rates_6_300_81_1mtt.log,8928.19
Rates_6_300_82_1mtt.log,10377.53
Rates_6_300_83_1mtt.log,9940.91
Rates_6_300_84_1mtt.log,8635.84
Rates_6_300_85_1mtt.log,6548.13
Rates_6_300_86_1mtt.log,9866.23
Rates_6_300_87_1mtt.log,8708.81
Rates_6_300_88_1mtt.log,8194.80
Rates_6_300_89_1mtt.log,8562.41
Rates_6_300_8_1mtt.log,10309.13
Rates_6_300_90_1mtt.log,9919.04
Rates_6_300_91_1mtt.log,8628.02
Rates_6_300_92_1mtt.log,9887.18
Rates_6_300_93_1mtt.log,10914.45
Rates_6_300_94_1mtt.log,12780.10
Rates_6_300_95_1mtt.log,10589.14
Rates_6_300_96_1mtt.log,9676.36
Rates_6_300_97_1mtt.log,8601.60
Rates_6_300_98_1mtt.log,11284.93
Rates_6_300_99_1mtt.log,7304.27
Rates_6_300_9_1mtt.log,12295.94
Rates_6_400_100_1mtt.log,10665.48
Rates_6_400_10_1mtt.log,10880.54
Rates_6_400_11_1mtt.log,14205.19
Rates_6_400_12_1mtt.log,11603.28
Rates_6_400_13_1mtt.log,13062.23
Rates_6_400_14_1mtt.log,11472.65
Rates_6_400_15_1mtt.log,12590.34
Rates_6_400_16_1mtt.log,9114.47
Rates_6_400_17_1mtt.log,11767.59
Rates_6_400_18_1mtt.log,11213.92
Rates_6_400_19_1mtt.log,10079.10
Rates_6_400_1_1mtt.log,11083.68
Rates_6_400_20_1mtt.log,11813.94
Rates_6_400_21_1mtt.log,9777.97
Rates_6_400_22_1mtt.log,15118.63
Rates_6_400_23_1mtt.log,9501.13
Rates_6_400_24_1mtt.log,10476.19
Rates_6_400_25_1mtt.log,9456.23
Rates_6_400_26_1mtt.log,9971.08
Rates_6_400_27_1mtt.log,12754.59
Rates_6_400_28_1mtt.log,11411.85
Rates_6_400_29_1mtt.log,14623.21
Rates_6_400_2_1mtt.log,12700.94
Rates_6_400_30_1mtt.log,12673.94
Rates_6_400_31_1mtt.log,7447.80
Rates_6_400_32_1mtt.log,11069.95
Rates_6_400_33_1mtt.log,16241.12
Rates_6_400_34_1mtt.log,11736.73
Rates_6_400_35_1mtt.log,9721.99
Rates_6_400_36_1mtt.log,15045.15
Rates_6_400_37_1mtt.log,12247.54
Rates_6_400_38_1mtt.log,14047.26
Rates_6_400_39_1mtt.log,10921.55
Rates_6_400_3_1mtt.log,9789.51
Rates_6_400_40_1mtt.log,10908.73
Rates_6_400_41_1mtt.log,11859.26
Rates_6_400_42_1mtt.log,10895.13
Rates_6_400_43_1mtt.log,12815.99
Rates_6_400_44_1mtt.log,12807.86
Rates_6_400_45_1mtt.log,11536.39
Rates_6_400_46_1mtt.log,12946.63
Rates_6_400_47_1mtt.log,14153.00
Rates_6_400_48_1mtt.log,12052.30
Rates_6_400_49_1mtt.log,17019.32
Rates_6_400_4_1mtt.log,14079.49
Rates_6_400_50_1mtt.log,9425.40
Rates_6_400_51_1mtt.log,14376.28
Rates_6_400_52_1mtt.log,13825.15
Rates_6_400_53_1mtt.log,12092.92
Rates_6_400_54_1mtt.log,13363.57
Rates_6_400_55_1mtt.log,11099.24
Rates_6_400_56_1mtt.log,11889.81
Rates_6_400_57_1mtt.log,10108.14
Rates_6_400_58_1mtt.log,13201.31
Rates_6_400_59_1mtt.log,14917.67
Rates_6_400_5_1mtt.log,13024.39
Rates_6_400_60_1mtt.log,11806.07
Rates_6_400_61_1mtt.log,10443.16
Rates_6_400_62_1mtt.log,17934.19
Rates_6_400_63_1mtt.log,10036.38
Rates_6_400_64_1mtt.log,13966.32
Rates_6_400_65_1mtt.log,10438.68
Rates_6_400_66_1mtt.log,10718.99
Rates_6_400_67_1mtt.log,12720.74
Rates_6_400_68_1mtt.log,10683.83
Rates_6_400_69_1mtt.log,9864.95
Rates_6_400_6_1mtt.log,12034.98
Rates_6_400_70_1mtt.log,10603.87
Rates_6_400_71_1mtt.log,13105.23
Rates_6_400_72_1mtt.log,10504.58
Rates_6_400_73_1mtt.log,11770.31
Rates_6_400_74_1mtt.log,15664.21
Rates_6_400_75_1mtt.log,15143.74
Rates_6_400_76_1mtt.log,10213.59
Rates_6_400_77_1mtt.log,13470.40
Rates_6_400_78_1mtt.log,12431.55
Rates_6_400_79_1mtt.log,10590.40
Rates_6_400_7_1mtt.log,13308.93
Rates_6_400_80_1mtt.log,14285.37
Rates_6_400_81_1mtt.log,13350.65
Rates_6_400_82_1mtt.log,13540.93
Rates_6_400_83_1mtt.log,13545.89
Rates_6_400_84_1mtt.log,13466.35
Rates_6_400_85_1mtt.log,9401.65
Rates_6_400_86_1mtt.log,9757.42
Rates_6_400_87_1mtt.log,10917.55
Rates_6_400_88_1mtt.log,12005.73
Rates_6_400_89_1mtt.log,18213.25
Rates_6_400_8_1mtt.log,14239.87
Rates_6_400_90_1mtt.log,10785.78
Rates_6_400_91_1mtt.log,11529.24
Rates_6_400_92_1mtt.log,11308.66
Rates_6_400_93_1mtt.log,10489.81
Rates_6_400_94_1mtt.log,10038.26
Rates_6_400_95_1mtt.log,14905.41
Rates_6_400_96_1mtt.log,9959.39
Rates_6_400_97_1mtt.log,10692.34
Rates_6_400_98_1mtt.log,14407.56
Rates_6_400_99_1mtt.log,11183.72
Rates_6_400_9_1mtt.log,10282.30
